{"currentStage":4,"isFirst":false,"sfxVol":0.42695099115371706,"bgmVol":0.42695099115371706,"masterVol":0.42695099115371706}